{"cameraMode":{"drawMode":0,"name":"Shaded","section":"Shading Mode"},"sceneLighting":false,"audioPlay":false,"sceneViewState":{"m_AlwaysRefresh":false,"showFog":true,"showSkybox":false,"showFlares":true,"showImageEffects":true,"showParticleSystems":true,"showVisualEffectGraphs":true,"m_FxEnabled":true},"in2DMode":false,"pivot":{"x":1248.6719970703125,"y":794.4083251953125,"z":-860.7318725585938},"rotation":{"x":0.11889523267745972,"y":-0.10259125381708145,"z":0.012318662367761135,"w":0.9875768423080444},"size":1.0370287895202637,"orthographic":false}