{"cameraMode":{"drawMode":0,"name":"Shaded","section":"Shading Mode"},"sceneLighting":true,"audioPlay":false,"sceneViewState":{"m_AlwaysRefresh":false,"showFog":true,"showSkybox":true,"showFlares":true,"showImageEffects":true,"showParticleSystems":true,"showVisualEffectGraphs":true,"m_FxEnabled":true},"in2DMode":false,"pivot":{"x":-0.22012972831726075,"y":-2.819265127182007,"z":3.240230083465576},"rotation":{"x":0.30358782410621645,"y":-0.12483025342226029,"z":0.04018360376358032,"w":0.9438186883926392},"size":3.2507081031799318,"orthographic":false}