{"cameraMode":{"drawMode":0,"name":"Shaded","section":"Shading Mode"},"sceneLighting":true,"audioPlay":false,"sceneViewState":{"m_AlwaysRefresh":false,"showFog":true,"showSkybox":true,"showFlares":true,"showImageEffects":true,"showParticleSystems":true,"showVisualEffectGraphs":true,"m_FxEnabled":true},"in2DMode":false,"pivot":{"x":-1.884895920753479,"y":-3.394848108291626,"z":13.393280029296875},"rotation":{"x":0.13713443279266358,"y":-0.05890706926584244,"z":0.008168461732566357,"w":0.9887862205505371},"size":9.822872161865235,"orthographic":false}